{
  "model": "CatBoost (reproduced)",
  "accuracy": 0.4191998492651677,
  "f1_weighted": 0.3811787505696723,
  "f1_macro": 0.23598707878006991
}